"Oluwatuyi Segun",soluwatuyi,1654625490,hi
"Oluwatuyi Segun",soluwatuyi,1654625494,hi
"Oluwatuyi Segun",soluwatuyi,1654625930,hi
"Oluwatuyi Segun",soluwatuyi,1654625937,hello
"Oluwatuyi Segun",soluwatuyi,1654637021,hello
"Oluwatuyi Segun",soluwatuyi,1654637981,hi
"Oluwatuyi Segun",soluwatuyi,1654648024,hello
"Oluwatuyi Segun",soluwatuyi,1654648676,hi
"Oluwatuyi Segun",soluwatuyi,1654649332,hjmk
"Oluwatuyi Segun",soluwatuyi,1654649338,cfhtht
"Oluwatuyi Segun",soluwatuyi,1654649593,hello
"Oluwatuyi Segun",soluwatuyi,1654651510,hello
"Oluwatuyi Segun",soluwatuyi,1654652034,wgudvjhba
"Oluwatuyi Segun",soluwatuyi,1654652036,bjksafbkbsdfa
"Oluwatuyi Segun",soluwatuyi,1654652102,fht
"Oluwatuyi Segun",soluwatuyi,1654652172,ggf
"Oluwatuyi Segun",soluwatuyi,1654652193,"howrneknfk befnoei nfeiwnfewn uebfuiheuifhe ufhewuifhb ifeuhfwie"
"Oluwatuyi Segun",soluwatuyi,1654652524,hello
"Oluwatuyi Segun",soluwatuyi,1654653797,hello
"Oluwatuyi Segun",soluwatuyi,1654653951,hello
"Oluwatuyi Segun",soluwatuyi,1654654192,HI
"Oluwatuyi Segun",soluwatuyi,1654654281,HI
"Oluwatuyi Segun",soluwatuyi,1654654286,HIH
"Oluwatuyi Segun",soluwatuyi,1654661159,hello
